{
  "best_model": "RNN",
  "metrics": {
    "RNN": {
      "accuracy": 0.97,
      "precision": 0.9710526315789474,
      "recall": 0.97,
      "f1": 0.9702625482625481
    },
    "LSTM": {
      "accuracy": 0.92,
      "precision": 0.9207382269146975,
      "recall": 0.92,
      "f1": 0.9192170686456401
    },
    "BiLSTM": {
      "accuracy": 0.89,
      "precision": 0.8923431174089069,
      "recall": 0.89,
      "f1": 0.8894112720163142
    }
  },
  "classes": [
    "bargain_hunter",
    "browser",
    "high_value",
    "new_user",
    "regular"
  ],
  "num_users": 500,
  "num_behaviors": 8,
  "hidden_dim": 64,
  "epochs": 50
}